iter,marker,latency_ms,status
1,DAY9-1-1755129570-1422,,TIMEOUT
2,DAY9-2-1755129571-24740,,TIMEOUT
3,DAY9-3-1755129571-29350,,TIMEOUT
4,DAY9-4-1755129571-21760,,TIMEOUT
5,DAY9-5-1755129572-5085,,TIMEOUT
6,DAY9-6-1755129572-30585,,TIMEOUT
7,DAY9-7-1755129573-30761,,TIMEOUT
8,DAY9-8-1755129573-27619,,TIMEOUT
9,DAY9-9-1755129574-21393,,TIMEOUT
10,DAY9-10-1755129574-10902,,TIMEOUT
11,DAY9-11-1755129575-15548,,TIMEOUT
12,DAY9-12-1755129578-27727,,TIMEOUT
13,DAY9-13-1755129578-715,,TIMEOUT
14,DAY9-14-1755129578-11714,,TIMEOUT
15,DAY9-15-1755129579-6110,,TIMEOUT
16,DAY9-16-1755129579-4126,,TIMEOUT
17,DAY9-17-1755129580-2932,,TIMEOUT
18,DAY9-18-1755129580-14753,,TIMEOUT
19,DAY9-19-1755129580-923,,TIMEOUT
20,DAY9-20-1755129581-25349,,TIMEOUT
